UTF-8	./vnctp.h
unknown	./flow/流水目录.txt
UTF-8	./main.h
UTF-8	./vnctpmd.h
UTF-8	./output.h
UTF-8	./pyctp_bridge.h
UTF-8	./stdafx.cpp
UTF-8	./ThostFtdcUserApiDataType.h
ASCII	./config.ini
UTF-8	./td_hook.h
UTF-8	./traderSpi.h
UTF-8	./ThostFtdcMdApi.h
UTF-8	./targetver.h
UTF-8	./traderApi.cpp
UTF-8	./error.xml
UTF-8	./pyctp_bridge.cpp
UTF-8	./redis_client.cpp
UTF-8	./ThostFtdcUserApiStruct.h
UTF-8	./ThostFtdcTraderApi.h
UTF-8	./DataCollect_stub.cpp
UTF-8	./timing.h
UTF-8	./win_compat.h
ASCII	./getconfig.h
UTF-8	./syslog.txt
UTF-8	./traderApi.h
UTF-8	./DataCollect.h
UTF-8	./vnctptd.h
UTF-8	./redis_ping.cpp
UTF-8	./main.cpp
UTF-8	./define.h
ASCII	./traderSpi.cpp
UTF-8	./vnctptd.cpp
UTF-8	./redis_client_test.cpp
UTF-8	./vnctpmd.cpp
UTF-8	./stdafx.h
UTF-8	./getconfig.cpp
UTF-8	./redis_client.h
UTF-8	./safecrt_compat.h
UTF-8	./td_login_test.cpp
